Name,Latitude,Longitude,Description,City,Category
粉红教堂（新定教堂）,10.788360,106.690642,《胡志明💒一日游攻略》 | 《胡志明市超全游览路线》 | 《一眼看懂胡志明旅游地图》,胡志明市,景点
西贡中央邮局,10.779956,106.699992,《胡志明💒一日游攻略》 | 《胡志明市超全游览路线》 | 《一眼看懂胡志明旅游地图》,胡志明市,景点
咖啡公寓（42 Nguyễn Huệ）,10.774133,106.704212,《胡志明💒一日游攻略》 | 《胡志明市超全游览路线》 | 《一眼看懂胡志明旅游地图》,胡志明市,景点
统一宫,10.777035,106.695488,《胡志明💒一日游攻略》 | 《胡志明市超全游览路线》 | 《一眼看懂胡志明旅游地图》,胡志明市,景点
战争遗迹博物馆,10.779365,106.692281,《胡志明市超全游览路线》 | 《一眼看懂胡志明旅游地图》,胡志明市,景点
胡志明市美术馆,10.769596,106.699270,《胡志明市超全游览路线》 | 《一眼看懂胡志明旅游地图》,胡志明市,景点
胡志明市博物馆,10.775911,106.699621,《胡志明市超全游览路线》,胡志明市,景点
Bitexco 金融塔,10.771863,106.704463,《胡志明市超全游览路线》 | 《一眼看懂胡志明旅游地图》,胡志明市,景点
Landmark 81,10.794880,106.721850,《胡志明东南亚最高高空酒吧Blank Lounge》,胡志明市,景点
范五老街,10.767752,106.692477,《胡志明市超全游览路线》 | 《一眼看懂胡志明旅游地图》,胡志明市,景点
圣母大教堂（红教堂，维修中）,10.779780,106.699040,《胡志明市超全游览路线》,胡志明市,景点
西贡书街,10.776587,106.700918,《胡志明市超全游览路线》,胡志明市,景点
胡志明大剧院,10.776744,106.703249,《胡志明市超全游览路线》 | 《胡志明💒一日游攻略》,胡志明市,景点
Blank Lounge（Landmark 81 75-76F）,10.794880,106.721850,"《胡志明东南亚最高高空酒吧Blank Lounge》｜75–76F Landmark 81, 208 Nguyễn Hữu Cảnh, P.22, Bình Thạnh",胡志明市,美食
Little Hanoi Egg Coffee,10.768602,106.690089,《胡志明｜Little Hanoi Egg测评》 | 《胡志明你还蛮好吃的嘛》,胡志明市,美食
Man Moi（战争纪念馆附近）,10.778681,106.692157,《胡志明你还蛮好吃的嘛》,胡志明市,美食
The Workshop Coffee（亚洲Top3咖啡馆）,10.773406,106.705539,《胡志明你还蛮好吃的嘛》,胡志明市,美食
Phở Việt Nam（米其林河粉）,10.771252,106.696209,"《胡志明💒一日游攻略》 | 《给去胡志明的朋友一些参考》 | 《🇻🇳🍲胡志明已吃不欠！》｜14 Phạm Hồng Thái, Bến Thành, Quận 1",胡志明市,美食
Phở SOL,10.771714,106.705065,"《胡志明💒一日游攻略》｜27 Đ. Hải Triều, Bến Nghé, Quận 1",胡志明市,美食
Linh 咖啡（盐咖啡）,10.747363,106.722791,《胡志明你还蛮好吃的嘛》,胡志明市,美食
Lvoire Pastry（第一甜品店）,10.778900,106.700500,《胡志明你还蛮好吃的嘛》｜⚠位置约为柏悦酒店附近(D1)附近,胡志明市,美食
Nhà Tú（蟹黄牡蛎肥牛火锅）,10.793924,106.649508,《胡志明你还蛮好吃的嘛》 | 《🇻🇳🍲胡志明已吃不欠！》,胡志明市,美食
Bánh Mì Huynh Hoa（法棍）,10.771392,106.692719,《给去胡志明的朋友一些参考》 | 《胡志明你还蛮好吃的嘛》,胡志明市,美食
Pho Hoa Pasteur,10.782417,106.694440,《给去胡志明的朋友一些参考》,胡志明市,美食
Bếp Cuốn Sài Gòn（米其林越南菜）,10.777000,106.700000,《给去胡志明的朋友一些参考》 | 《🇻🇳🍲胡志明已吃不欠！》｜⚠位置约为D1 中心区附近,胡志明市,美食
Bánh Canh Cua 87（蟹肉粉）,10.794868,106.690836,《给去胡志明的朋友一些参考》,胡志明市,美食
Cục Gạch Quán（越南家常菜）,10.793000,106.688930,《给去胡志明的朋友一些参考》,胡志明市,美食
Ngọc Thạch Quán（甜品）,10.772887,106.666188,《🇻🇳🍲胡志明已吃不欠！》,胡志明市,美食
Cong Café 粉红教堂店（椰子绿米冰沙）,10.788720,106.691270,《🇻🇳🍲胡志明已吃不欠！》,胡志明市,美食
蟹黄粉小店（粉红教堂600米，强推）,10.788360,106.690642,《🇻🇳胡志明记得一定要来吃的蟹黄粉》｜⚠位置约为Nhà thờ Tân Định附近,胡志明市,美食
牛蛙粥摊（粉红教堂附近夜市，本地人店）,10.788360,106.690642,《我再说一遍来胡志明不去网红店来这家》 | 《抖音·十一Eleven《粉红教堂旁田鸡粥》(18:30营业)》｜⚠位置约为Nhà thờ Tân Định附近,胡志明市,美食
7 Bridges Brewing Co（西贡精酿）,10.775000,106.701000,《西贡值得一来的啤酒吧》｜⚠位置约为一区附近,胡志明市,美食
Heart of Darkness（精酿酒厂）,10.779714,106.702900,《🇻🇳胡志明市必喝『Heart of Darkness』》,胡志明市,美食
RAW + Atelier（Best 50 鸡尾酒）,10.776000,106.703400,《胡志明小酒馆日记》 | 《胡志明Best 50 Bar hopping》 | 《来喝越南Top 20的鸡尾酒》｜⚠位置约为D1 酒吧区附近,胡志明市,美食
The Enigma Mansion（Best 50）,10.780859,106.694603,《胡志明小酒馆日记》 | 《胡志明Best 50 Bar hopping》,胡志明市,美食
Summer Experiment（Best 50）,10.774729,106.698085,《胡志明小酒馆日记》 | 《胡志明Best 50 Bar hopping》,胡志明市,美食
Stir（Best 50）,10.770057,106.700524,《胡志明小酒馆日记》 | 《胡志明Best 50 Bar hopping》,胡志明市,美食
Tamarind Hidden Cocktail Bar,10.778226,106.698599,《胡志明小酒馆日记》 | 《胡志明Best 50 Bar hopping》,胡志明市,美食
Phở Hưng 阿雄牛肉粉（四大天王）,10.756380,106.676920,"《抖音·湾区B哥《牛肉粉四大天王》》｜241-243 Nguyễn Trãi, Q1（米其林推荐, 6:00-次日3:00）",胡志明市,美食
Phở Lẽ 锦利牛肉粉（四大天王）,10.755250,106.673530,"《抖音·湾区B哥《牛肉粉四大天王》》｜413-415 Nguyễn Trãi, Q5 老店（米其林必比登）/ 分店 303-305 Võ Văn Tần, Q3",胡志明市,美食
阿琼牛肉炖粉（范五老街附近）,10.767752,106.692477,《抖音·湾区B哥《牛肉粉四大天王》》｜⚠位置约为Saigon Cozy2 At Bui Vien Walking Street附近,胡志明市,美食
Bún Mọc Thanh Mai（清汤粉）,10.773000,106.695200,"《抖音·曾yaya《胡志明美食合集》》｜⚠位置约为Trương Định 街起点附近｜14 Trương Định, Bến Thành, Q1（滨城市场西侧）",胡志明市,美食
Cò Tú Cà Mau（越南海鲜）,10.790500,106.695000,"《抖音·曾yaya《胡志明美食合集》》｜⚠位置约为Hoàng Sa 街中段附近｜219 Hoàng Sa, Tân Định, Q1（粉红教堂以北运河边）",胡志明市,美食
Five Boys 鲜果沙冰（小巷）,10.775000,106.700000,《抖音·曾yaya《胡志明美食合集》》｜⚠位置约为D1小巷附近,胡志明市,美食
Breadventure 法棍（周五六日营业）,10.803645,106.728933,"《抖音·十一Eleven《为了这口法棍排45分钟》》｜24 Đ. Đỗ Quang, An Khánh",胡志明市,美食
爆火膏蟹餐厅（黄油蟹/罗氏虾）,10.772530,106.698037,《抖音·十一Eleven《螃蟹店排队》》 | 《小红书《本来以为踩雷》》｜⚠位置约为Chợ Bến Thành附近,胡志明市,美食
SIZ SPA,10.765935,106.689767,"《在越南请务必狠狠去按摩》｜154 Đ. Cống Quỳnh, Cầu Ông Lãnh, Quận 1",胡志明市,按摩
Sa Spa（1区）,10.785000,106.699000,《胡志明1区可以按摩到睡着的店Sa Spa》｜⚠位置约为D1附近,胡志明市,按摩
Sả Spa Central,10.774511,106.696574,《胡志明市按摩洗头三家谷歌高分店实测》,胡志明市,按摩
Phaya Thai Spa Quận 1,10.780000,106.703000,《胡志明市按摩洗头三家谷歌高分店实测》｜⚠位置约为D1附近,胡志明市,按摩
Sen Trắng Spa & Wellness,10.783856,106.698223,《胡志明市按摩洗头三家谷歌高分店实测》,胡志明市,按摩
Xíu Spa,10.775000,106.700000,《胡志明洗头spa》｜⚠位置约为D1附近,胡志明市,按摩
KIM HEALTH & BEAUTY Spa,10.749189,106.618386,《胡志明洗头spa》,胡志明市,按摩
An's Spa & Massage（五星强推）,10.785540,106.699780,《胡志明洗头spa》 | 《越南胡志明市按摩推荐》｜⚠位置约为多分店(D1)附近,胡志明市,按摩
Temple Leaf（按摩）,10.780000,106.695000,《越南胡志明市按摩推荐》｜⚠位置约为D1-D3附近,胡志明市,按摩
B&B Chill Home（范五老街旁民宿）,10.767752,106.692477,《刚从胡志明回来无雷经验分享》｜⚠位置约为Saigon Cozy2 At Bui Vien Walking Street附近,胡志明市,住宿
滨城市场,10.772530,106.698037,《刚从胡志明回来无雷经验分享》 | 《胡志明市超全游览路线》 | 《🇻🇳🍲胡志明已吃不欠！》,胡志明市,购物
西贡广场,10.776485,106.701622,《胡志明市超全游览路线》,胡志明市,购物
Sầu Riêng Nguyên Ký 榴莲一条街,10.770000,106.695000,"《抖音·曾yaya《胡志明美食合集》》｜⚠位置约为位置按视频确认附近｜Sầu riêng Nguyên Ký（华人店,猫山王约40rmb/kg,街名待确认）",胡志明市,购物
新山一国际机场 T2（BDIV ATM 取现点）,10.817979,106.656265,《胡志明机场取现金💵攻略！》 | 《胡志明机场Grab打车点图文指路》,胡志明市,交通
水上巴士码头（Bạch Đằng）,10.775240,106.707002,《胡志明市超全游览路线》,胡志明市,交通
KIM MAI 金梅换汇（范五老街附近）,10.752025,106.663866,《刚从胡志明回来无雷经验分享》,胡志明市,交通
滨城市场旁金店换汇（汇率3800）,10.772530,106.698037,《🇻🇳胡志明换汇这里最划算》｜⚠位置约为Chợ Bến Thành附近,胡志明市,交通
芽庄大教堂,12.246733,109.188137,《芽庄大教堂附近的皮皮虾粗粉》 | 《自己总结的芽庄吃喝实录》,芽庄,景点
Ba Hồ 瀑布,12.382248,109.132906,《越南芽庄四天三晚攻略》,芽庄,景点
珍珠岛 Vinpearl（摩天轮景色绝美）,12.202683,109.216002,《准备来芽庄的就只能帮你们到这了》,芽庄,景点
蚕岛（Hon Tằm）,12.208499,109.287120,《准备来芽庄的就只能帮你们到这了》,芽庄,景点
BINGDOU Bingsu（牛油果冰淇淋）,12.240600,109.190600,"《来芽庄记住这个十字路口的牛油果冰淇淋》｜⚠位置约为Nguyễn Thị Minh Khai 路口附近｜Nguyễn Thị Minh Khai, Nha Trang",芽庄,美食
Kem Bơ Vfruit（牛油果冰淇淋）,12.239307,109.192146,《来芽庄记住这个十字路口的牛油果冰淇淋》 | 《越南芽庄四天三晚攻略》,芽庄,美食
Bánh Mì Phan（法棍）,12.239832,109.192925,《自己总结的芽庄吃喝实录》 | 《越南芽庄四天三晚攻略》,芽庄,美食
BÁNH CANH GHẸ CÔ BA MIỀN BIỂN（皮皮虾粗粉）,12.247500,109.187200,《芽庄大教堂附近的皮皮虾粗粉》 | 《越南芽庄四天三晚攻略》｜⚠位置约为芽庄大教堂西北侧附近｜Chi Nhánh 5 Thái Nguyên（大教堂西北侧步行2分钟）,芽庄,美食
火车咖啡（大教堂旁，2楼看火车）,12.246733,109.188137,《自己总结的芽庄吃喝实录》｜⚠位置约为Nhà thờ Chính tòa Nha Trang附近,芽庄,美食
Bánh Căn 烤米饼（Bánh Mì Phan 隔壁）,12.239832,109.192925,《越南芽庄四天三晚攻略》｜⚠位置约为Bánh Mì Phan附近,芽庄,美食
Tyro Seafood Restaurant,12.238000,109.198000,《自己总结的芽庄吃喝实录》｜⚠位置约为芽庄海岸区附近,芽庄,美食
Ot Hiem（越南菜）,12.241000,109.193000,《芽庄美食记录真吃撑了》｜⚠位置约为芽庄市区附近,芽庄,美食
Ăn Thôi 2（米其林必比登越南菜）,12.240600,109.190600,"《这才是来芽庄旅游必吃的越南餐厅》 | 《越南芽庄四天三晚攻略》｜⚠位置约为64C Nguyễn Thị Minh Khai附近｜64C Nguyễn Thị Minh Khai, Nha Trang",芽庄,美食
Katinat（红毛丹奶茶）,12.241713,109.195808,《芽庄美食记录真吃撑了》,芽庄,美食
Pizza 4P's,12.238500,109.193000,《芽庄美食记录真吃撑了》｜⚠位置约为芽庄市区中心附近,芽庄,美食
Phở Thin（牛肉河粉）,12.247925,109.195304,《芽庄美食记录真吃撑了》,芽庄,美食
Mộc Quán Seafood（海鲜大排档）,12.243000,109.190831,《芽庄美食记录真吃撑了》,芽庄,美食
Phở Hạnh Phúc（河粉）,12.244008,109.191038,《越南芽庄四天三晚攻略》,芽庄,美食
La Viet Coffee（亚洲第六咖啡店）,12.238000,109.192000,《越南芽庄四天三晚攻略》｜⚠位置约为芽庄市区附近,芽庄,美食
Quán ăn X.O（本地苍蝇馆子）,12.235000,109.196000,《越南芽庄四天三晚攻略》｜⚠位置约为芽庄市区附近,芽庄,美食
Hải Sản Thảo Tiến（机场顺路海鲜）,12.246458,109.192713,《越南芽庄四天三晚攻略》,芽庄,美食
Luxury Anna Spa（芽庄按摩）,12.238954,109.192887,"《在越南请务必狠狠去按摩》｜172/8A Bạch Đằng, Nha Trang",芽庄,按摩
Mia 度假酒店（独栋院子+独立沙滩）,12.134199,109.212554,《越南芽庄四天三晚攻略》,芽庄,住宿
阿米娅娜 Amiana 度假酒店（浮潜+下午茶）,12.295409,109.233829,《越南芽庄四天三晚攻略》,芽庄,住宿
芽庄中心市场（伴手礼）,12.242761,109.190436,《越南芽庄四天三晚攻略》,芽庄,购物
Kiss Souvenir（伴手礼两层楼）,12.240416,109.191805,《越南芽庄四天三晚攻略》,芽庄,购物
96 中国超市（旁旅行社换汇汇率3870）,12.239649,109.195790,《芽庄这个旅行社换钱汇率高》,芽庄,交通
Chua Spa（岘港按摩，美溪沙滩附近）,16.043295,108.221665,"《在越南请务必狠狠去按摩》｜269 Núi Thành, Hòa Cường, Đà Nẵng",岘港,按摩
